{
  "infoPage": {
    "match": null,
    "indexPage": null,
    "footer": null,
    "bookInfos": {
      "source": null,
      "title": null,
      "author": null,
      "classes": null,
      "isend": null,
      "cover": null,
      "brief": null,
      "keywords": null
    }
  },
  "indexPage": {
    "match": null,
    "infoPage": null,
    "footer": null,
    "bookIndexs": null
  },
  "contentPage": {
    "match": null,
    "footer": null,
    "chapterInfos": {
      "title": null,
      "source": null,
      "content": null
    }
  }
}